accuracy,f1,roc_auc,train_time,pred_time,n_train,n_test
0.7733127097739496,0.6773268886224435,0.5675093636533195,0.6817502975463867,10.818166732788086,1024,98916
